;MPN-A-4149;MPN-A-4149 quality
;P.meting.1m;P.meting.1m quality
20-4-2022 10:00;1;original reliable
20-4-2022 10:01;1;original reliable
20-4-2022 10:02;1;original reliable
20-4-2022 10:03;1;original reliable
20-4-2022 10:04;1;original reliable
20-4-2022 10:05;1;original reliable
20-4-2022 10:06;1;original reliable
20-4-2022 10:07;1;original reliable
20-4-2022 10:08;1;original reliable
20-4-2022 10:09;1;original reliable
20-4-2022 10:10;1;original reliable
20-4-2022 10:11;1;original reliable
20-4-2022 10:12;1;original reliable
20-4-2022 10:13;1;original reliable
20-4-2022 10:14;1;original reliable
20-4-2022 10:15;1;original reliable
20-4-2022 10:16;1;original reliable
20-4-2022 10:17;1;original reliable
20-4-2022 10:18;1;original reliable
20-4-2022 10:19;1;original reliable
20-4-2022 10:20;1;original reliable
20-4-2022 10:21;1;original reliable
20-4-2022 10:22;1;original reliable
20-4-2022 10:23;1;original reliable
20-4-2022 10:24;1;original reliable
20-4-2022 10:25;1;original reliable
20-4-2022 10:26;1;original reliable
20-4-2022 10:27;1;original reliable
20-4-2022 10:28;1;original reliable
20-4-2022 10:29;1;original reliable
20-4-2022 10:30;1;original reliable
20-4-2022 10:31;1;original reliable
20-4-2022 10:32;1;original reliable
20-4-2022 10:33;1;original reliable
20-4-2022 10:34;1;original reliable
20-4-2022 10:35;1;original reliable
20-4-2022 10:36;1;original reliable
20-4-2022 10:37;1;original reliable
20-4-2022 10:38;1;original reliable
20-4-2022 10:39;1;original reliable
20-4-2022 10:40;1;original reliable
20-4-2022 10:41;1;original reliable
20-4-2022 10:42;1;original reliable
20-4-2022 10:43;1;original reliable
20-4-2022 10:44;1;original reliable
20-4-2022 10:45;1;original reliable
20-4-2022 10:46;1;original reliable
20-4-2022 10:47;1;original reliable
20-4-2022 10:48;1;original reliable
20-4-2022 10:49;1;original reliable
20-4-2022 10:50;1;original reliable
20-4-2022 10:51;1;original reliable
20-4-2022 10:52;1;original reliable
20-4-2022 10:53;1;original reliable
20-4-2022 10:54;1;original reliable
20-4-2022 10:55;1;original reliable
20-4-2022 10:56;1;original reliable
20-4-2022 10:57;1;original reliable
20-4-2022 10:58;1;original reliable
20-4-2022 10:59;1;original reliable
20-4-2022 11:00;1;original reliable
20-4-2022 11:01;1;original reliable
20-4-2022 11:02;1;original reliable
20-4-2022 11:03;1;original reliable
20-4-2022 11:04;1;original reliable
20-4-2022 11:05;1;original reliable
20-4-2022 11:06;1;original reliable
20-4-2022 11:07;1;original reliable
20-4-2022 11:08;1;original reliable
20-4-2022 11:09;1;original reliable
20-4-2022 11:10;1;original reliable
20-4-2022 11:11;1;original reliable
20-4-2022 11:12;1;original reliable
20-4-2022 11:13;1;original reliable
20-4-2022 11:14;1;original reliable
20-4-2022 11:15;1;original reliable
20-4-2022 11:16;1;original reliable
20-4-2022 11:17;1;original reliable
20-4-2022 11:18;1;original reliable
20-4-2022 11:19;1;original reliable
20-4-2022 11:20;1;original reliable
20-4-2022 11:21;1;original reliable
20-4-2022 11:22;1;original reliable
20-4-2022 11:23;1;original reliable
20-4-2022 11:24;1;original reliable
20-4-2022 11:25;1;original reliable
20-4-2022 11:26;1;original reliable
20-4-2022 11:27;1;original reliable
20-4-2022 11:28;1;original reliable
20-4-2022 11:29;1;original reliable
20-4-2022 11:30;1;original reliable
20-4-2022 11:31;1;original reliable
20-4-2022 11:32;1;original reliable
20-4-2022 11:33;1;original reliable
20-4-2022 11:34;1;original reliable
20-4-2022 11:35;1;original reliable
20-4-2022 11:36;1;original reliable
20-4-2022 11:37;1;original reliable
20-4-2022 11:38;1;original reliable
20-4-2022 11:39;1;original reliable
20-4-2022 11:40;1;original reliable
20-4-2022 11:41;1;original reliable
20-4-2022 11:42;1;original reliable
20-4-2022 11:43;1;original reliable
20-4-2022 11:44;1;original reliable
20-4-2022 11:45;1;original reliable
20-4-2022 11:46;1;original reliable
20-4-2022 11:47;1;original reliable
20-4-2022 11:48;1;original reliable
20-4-2022 11:49;1;original reliable
20-4-2022 11:50;1;original reliable
20-4-2022 11:51;1;original reliable
20-4-2022 11:52;1;original reliable
20-4-2022 11:53;1;original reliable
20-4-2022 11:54;1;original reliable
20-4-2022 11:55;1;original reliable
20-4-2022 11:56;1;original reliable
20-4-2022 11:57;1;original reliable
20-4-2022 11:58;1;original reliable
20-4-2022 11:59;1;original reliable
20-4-2022 12:00;1;original reliable
20-4-2022 12:01;1;original reliable
20-4-2022 12:02;1;original reliable
20-4-2022 12:03;1;original reliable
20-4-2022 12:04;1;original reliable
20-4-2022 12:05;1;original reliable
20-4-2022 12:06;1;original reliable
20-4-2022 12:07;1;original reliable
20-4-2022 12:08;1;original reliable
20-4-2022 12:09;1;original reliable
20-4-2022 12:10;1;original reliable
20-4-2022 12:11;1;original reliable
20-4-2022 12:12;1;original reliable
20-4-2022 12:13;1;original reliable
20-4-2022 12:14;1;original reliable
20-4-2022 12:15;1;original reliable
20-4-2022 12:16;1;original reliable
20-4-2022 12:17;1;original reliable
20-4-2022 12:18;1;original reliable
20-4-2022 12:19;1;original reliable
20-4-2022 12:20;1;original reliable
20-4-2022 12:21;1;original reliable
20-4-2022 12:22;1;original reliable
20-4-2022 12:23;1;original reliable
20-4-2022 12:24;1;original reliable
20-4-2022 12:25;1;original reliable
20-4-2022 12:26;1;original reliable
20-4-2022 12:27;1;original reliable
20-4-2022 12:28;1;original reliable
20-4-2022 12:29;1;original reliable
20-4-2022 12:30;1;original reliable
20-4-2022 12:31;1;original reliable
20-4-2022 12:32;1;original reliable
20-4-2022 12:33;1;original reliable
20-4-2022 12:34;1;original reliable
20-4-2022 12:35;1;original reliable
20-4-2022 12:36;1;original reliable
20-4-2022 12:37;1;original reliable
20-4-2022 12:38;1;original reliable
20-4-2022 12:39;1;original reliable
20-4-2022 12:40;1;original reliable
20-4-2022 12:41;1;original reliable
20-4-2022 12:42;1;original reliable
20-4-2022 12:43;1;original reliable
20-4-2022 12:44;1;original reliable
20-4-2022 12:45;1;original reliable
20-4-2022 12:46;1;original reliable
20-4-2022 12:47;1;original reliable
20-4-2022 12:48;1;original reliable
20-4-2022 12:49;1;original reliable
20-4-2022 12:50;1;original reliable
20-4-2022 12:51;1;original reliable
20-4-2022 12:52;1;original reliable
20-4-2022 12:53;1;original reliable
20-4-2022 12:54;1;original reliable
20-4-2022 12:55;1;original reliable
20-4-2022 12:56;1;original reliable
20-4-2022 12:57;1;original reliable
20-4-2022 12:58;1;original reliable
20-4-2022 12:59;1;original reliable
20-4-2022 13:00;1;original reliable
20-4-2022 13:01;1;original reliable
20-4-2022 13:02;1;original reliable
20-4-2022 13:03;1;original reliable
20-4-2022 13:04;1;original reliable
20-4-2022 13:05;1;original reliable
20-4-2022 13:06;1;original reliable
20-4-2022 13:07;1;original reliable
20-4-2022 13:08;1;original reliable
20-4-2022 13:09;1;original reliable
20-4-2022 13:10;1;original reliable
20-4-2022 13:11;1;original reliable
20-4-2022 13:12;1;original reliable
20-4-2022 13:13;1;original reliable
20-4-2022 13:14;1;original reliable
20-4-2022 13:15;1;original reliable
20-4-2022 13:16;1;original reliable
20-4-2022 13:17;1;original reliable
20-4-2022 13:18;1;original reliable
20-4-2022 13:19;1;original reliable
20-4-2022 13:20;1;original reliable
20-4-2022 13:21;1;original reliable
20-4-2022 13:22;1;original reliable
20-4-2022 13:23;1;original reliable
20-4-2022 13:24;1;original reliable
20-4-2022 13:25;1;original reliable
20-4-2022 13:26;1;original reliable
20-4-2022 13:27;1;original reliable
20-4-2022 13:28;1;original reliable
20-4-2022 13:29;1;original reliable
20-4-2022 13:30;1;original reliable
20-4-2022 13:31;1;original reliable
20-4-2022 13:32;1;original reliable
20-4-2022 13:33;1;original reliable
20-4-2022 13:34;1;original reliable
20-4-2022 13:35;1;original reliable
20-4-2022 13:36;1;original reliable
20-4-2022 13:37;1;original reliable
20-4-2022 13:38;1;original reliable
20-4-2022 13:39;1;original reliable
20-4-2022 13:40;1;original reliable
20-4-2022 13:41;1;original reliable
20-4-2022 13:42;1;original reliable
20-4-2022 13:43;1;original reliable
20-4-2022 13:44;1;original reliable
20-4-2022 13:45;1;original reliable
20-4-2022 13:46;1;original reliable
20-4-2022 13:47;1;original reliable
20-4-2022 13:48;1;original reliable
20-4-2022 13:49;1;original reliable
20-4-2022 13:50;1;original reliable
20-4-2022 13:51;1;original reliable
20-4-2022 13:52;1;original reliable
20-4-2022 13:53;1;original reliable
20-4-2022 13:54;1;original reliable
20-4-2022 13:55;1;original reliable
20-4-2022 13:56;1;original reliable
20-4-2022 13:57;1;original reliable
20-4-2022 13:58;1;original reliable
20-4-2022 13:59;1;original reliable
20-4-2022 14:00;1;original reliable
20-4-2022 14:01;1;original reliable
20-4-2022 14:02;1;original reliable
20-4-2022 14:03;1;original reliable
20-4-2022 14:04;1;original reliable
20-4-2022 14:05;1;original reliable
20-4-2022 14:06;1;original reliable
20-4-2022 14:07;1;original reliable
20-4-2022 14:08;1;original reliable
20-4-2022 14:09;1;original reliable
20-4-2022 14:10;1;original reliable
20-4-2022 14:11;1;original reliable
20-4-2022 14:12;1;original reliable
20-4-2022 14:13;1;original reliable
20-4-2022 14:14;1;original reliable
20-4-2022 14:15;1;original reliable
20-4-2022 14:16;1;original reliable
20-4-2022 14:17;1;original reliable
20-4-2022 14:18;1;original reliable
20-4-2022 14:19;1;original reliable
20-4-2022 14:20;1;original reliable
20-4-2022 14:21;1;original reliable
20-4-2022 14:22;1;original reliable
20-4-2022 14:23;1;original reliable
20-4-2022 14:24;1;original reliable
20-4-2022 14:25;1;original reliable
20-4-2022 14:26;1;original reliable
20-4-2022 14:27;1;original reliable
20-4-2022 14:28;1;original reliable
20-4-2022 14:29;1;original reliable
20-4-2022 14:30;1;original reliable
20-4-2022 14:31;1;original reliable
20-4-2022 14:32;1;original reliable
20-4-2022 14:33;1;original reliable
20-4-2022 14:34;1;original reliable
20-4-2022 14:35;1;original reliable
20-4-2022 14:36;1;original reliable
20-4-2022 14:37;1;original reliable
20-4-2022 14:38;1;original reliable
20-4-2022 14:39;1;original reliable
20-4-2022 14:40;1;original reliable
20-4-2022 14:41;1;original reliable
20-4-2022 14:42;1;original reliable
20-4-2022 14:43;1;original reliable
20-4-2022 14:44;1;original reliable
20-4-2022 14:45;1;original reliable
20-4-2022 14:46;1;original reliable
20-4-2022 14:47;1;original reliable
20-4-2022 14:48;1;original reliable
20-4-2022 14:49;1;original reliable
20-4-2022 14:50;1;original reliable
20-4-2022 14:51;1;original reliable
20-4-2022 14:52;1;original reliable
20-4-2022 14:53;1;original reliable
20-4-2022 14:54;1;original reliable
20-4-2022 14:55;1;original reliable
20-4-2022 14:56;1;original reliable
20-4-2022 14:57;1;original reliable
20-4-2022 14:58;1;original reliable
20-4-2022 14:59;1;original reliable
20-4-2022 15:00;1;original reliable
20-4-2022 15:01;1;original reliable
20-4-2022 15:02;1;original reliable
20-4-2022 15:03;1;original reliable
20-4-2022 15:04;1;original reliable
20-4-2022 15:05;1;original reliable
20-4-2022 15:06;1;original reliable
20-4-2022 15:07;1;original reliable
20-4-2022 15:08;1;original reliable
20-4-2022 15:09;1;original reliable
20-4-2022 15:10;1;original reliable
20-4-2022 15:11;1;original reliable
20-4-2022 15:12;1;original reliable
20-4-2022 15:13;1;original reliable
20-4-2022 15:14;1;original reliable
20-4-2022 15:15;1;original reliable
20-4-2022 15:16;1;original reliable
20-4-2022 15:17;1;original reliable
20-4-2022 15:18;1;original reliable
20-4-2022 15:19;1;original reliable
20-4-2022 15:20;1;original reliable
20-4-2022 15:21;1;original reliable
20-4-2022 15:22;1;original reliable
20-4-2022 15:23;1;original reliable
20-4-2022 15:24;1;original reliable
20-4-2022 15:25;1;original reliable
20-4-2022 15:26;1;original reliable
20-4-2022 15:27;1;original reliable
20-4-2022 15:28;1;original reliable
20-4-2022 15:29;1;original reliable
20-4-2022 15:30;1;original reliable
20-4-2022 15:31;1;original reliable
20-4-2022 15:32;1;original reliable
20-4-2022 15:33;1;original reliable
20-4-2022 15:34;1;original reliable
20-4-2022 15:35;1;original reliable
20-4-2022 15:36;1;original reliable
20-4-2022 15:37;1;original reliable
20-4-2022 15:38;1;original reliable
20-4-2022 15:39;1;original reliable
20-4-2022 15:40;1;original reliable
20-4-2022 15:41;1;original reliable
20-4-2022 15:42;1;original reliable
20-4-2022 15:43;1;original reliable
20-4-2022 15:44;1;original reliable
20-4-2022 15:45;1;original reliable
20-4-2022 15:46;1;original reliable
20-4-2022 15:47;1;original reliable
20-4-2022 15:48;1;original reliable
20-4-2022 15:49;1;original reliable
20-4-2022 15:50;1;original reliable
20-4-2022 15:51;1;original reliable
20-4-2022 15:52;1;original reliable
20-4-2022 15:53;1;original reliable
20-4-2022 15:54;1;original reliable
20-4-2022 15:55;1;original reliable
20-4-2022 15:56;1;original reliable
20-4-2022 15:57;1;original reliable
20-4-2022 15:58;1;original reliable
20-4-2022 15:59;1;original reliable
20-4-2022 16:00;1;original reliable
20-4-2022 16:01;1;original reliable
20-4-2022 16:02;1;original reliable
20-4-2022 16:03;1;original reliable
20-4-2022 16:04;1;original reliable
20-4-2022 16:05;1;original reliable
20-4-2022 16:06;1;original reliable
20-4-2022 16:07;1;original reliable
20-4-2022 16:08;1;original reliable
20-4-2022 16:09;1;original reliable
20-4-2022 16:10;1;original reliable
20-4-2022 16:11;1;original reliable
20-4-2022 16:12;1;original reliable
20-4-2022 16:13;1;original reliable
20-4-2022 16:14;1;original reliable
20-4-2022 16:15;1;original reliable
20-4-2022 16:16;1;original reliable
20-4-2022 16:17;1;original reliable
20-4-2022 16:18;1;original reliable
20-4-2022 16:19;1;original reliable
20-4-2022 16:20;1;original reliable
20-4-2022 16:21;1;original reliable
20-4-2022 16:22;1;original reliable
20-4-2022 16:23;1;original reliable
20-4-2022 16:24;1;original reliable
20-4-2022 16:25;1;original reliable
20-4-2022 16:26;1;original reliable
20-4-2022 16:27;1;original reliable
20-4-2022 16:28;1;original reliable
20-4-2022 16:29;1;original reliable
20-4-2022 16:30;1;original reliable
20-4-2022 16:31;1;original reliable
20-4-2022 16:32;1;original reliable
20-4-2022 16:33;1;original reliable
20-4-2022 16:34;1;original reliable
20-4-2022 16:35;1;original reliable
20-4-2022 16:36;1;original reliable
20-4-2022 16:37;1;original reliable
20-4-2022 16:38;1;original reliable
20-4-2022 16:39;1;original reliable
20-4-2022 16:40;1;original reliable
20-4-2022 16:41;1;original reliable
20-4-2022 16:42;1;original reliable
20-4-2022 16:43;1;original reliable
20-4-2022 16:44;1;original reliable
20-4-2022 16:45;1;original reliable
20-4-2022 16:46;1;original reliable
20-4-2022 16:47;1;original reliable
20-4-2022 16:48;1;original reliable
20-4-2022 16:49;1;original reliable
20-4-2022 16:50;1;original reliable
20-4-2022 16:51;1;original reliable
20-4-2022 16:52;1;original reliable
20-4-2022 16:53;1;original reliable
20-4-2022 16:54;1;original reliable
20-4-2022 16:55;1;original reliable
20-4-2022 16:56;1;original reliable
20-4-2022 16:57;1;original reliable
20-4-2022 16:58;1;original reliable
20-4-2022 16:59;1;original reliable
20-4-2022 17:00;1;original reliable
20-4-2022 17:01;1;original reliable
20-4-2022 17:02;1;original reliable
20-4-2022 17:03;1;original reliable
20-4-2022 17:04;1;original reliable
20-4-2022 17:05;1;original reliable
20-4-2022 17:06;1;original reliable
20-4-2022 17:07;1;original reliable
20-4-2022 17:08;1;original reliable
20-4-2022 17:09;1;original reliable
20-4-2022 17:10;1;original reliable
20-4-2022 17:11;1;original reliable
20-4-2022 17:12;1;original reliable
20-4-2022 17:13;1;original reliable
20-4-2022 17:14;1;original reliable
20-4-2022 17:15;1;original reliable
20-4-2022 17:16;1;original reliable
20-4-2022 17:17;1;original reliable
20-4-2022 17:18;1;original reliable
20-4-2022 17:19;1;original reliable
20-4-2022 17:20;1;original reliable
20-4-2022 17:21;1;original reliable
20-4-2022 17:22;1;original reliable
20-4-2022 17:23;1;original reliable
20-4-2022 17:24;1;original reliable
20-4-2022 17:25;1;original reliable
20-4-2022 17:26;1;original reliable
20-4-2022 17:27;1;original reliable
20-4-2022 17:28;1;original reliable
20-4-2022 17:29;1;original reliable
20-4-2022 17:30;1;original reliable
20-4-2022 17:31;1;original reliable
20-4-2022 17:32;1;original reliable
20-4-2022 17:33;1;original reliable
20-4-2022 17:34;1;original reliable
20-4-2022 17:35;1;original reliable
20-4-2022 17:36;1;original reliable
20-4-2022 17:37;1;original reliable
20-4-2022 17:38;1;original reliable
20-4-2022 17:39;1;original reliable
20-4-2022 17:40;1;original reliable
20-4-2022 17:41;1;original reliable
20-4-2022 17:42;1;original reliable
20-4-2022 17:43;1;original reliable
20-4-2022 17:44;1;original reliable
20-4-2022 17:45;1;original reliable
20-4-2022 17:46;1;original reliable
20-4-2022 17:47;1;original reliable
20-4-2022 17:48;1;original reliable
20-4-2022 17:49;1;original reliable
20-4-2022 17:50;1;original reliable
20-4-2022 17:51;1;original reliable
20-4-2022 17:52;1;original reliable
20-4-2022 17:53;1;original reliable
20-4-2022 17:54;1;original reliable
20-4-2022 17:55;1;original reliable
20-4-2022 17:56;1;original reliable
20-4-2022 17:57;1;original reliable
20-4-2022 17:58;1;original reliable
20-4-2022 17:59;1;original reliable
20-4-2022 18:00;1;original reliable
20-4-2022 18:01;1;original reliable
20-4-2022 18:02;1;original reliable
20-4-2022 18:03;1;original reliable
20-4-2022 18:04;1;original reliable
20-4-2022 18:05;1;original reliable
20-4-2022 18:06;1;original reliable
20-4-2022 18:07;1;original reliable
20-4-2022 18:08;1;original reliable
20-4-2022 18:09;1;original reliable
20-4-2022 18:10;1;original reliable
20-4-2022 18:11;1;original reliable
20-4-2022 18:12;1;original reliable
20-4-2022 18:13;1;original reliable
20-4-2022 18:14;1;original reliable
20-4-2022 18:15;1;original reliable
20-4-2022 18:16;1;original reliable
20-4-2022 18:17;1;original reliable
20-4-2022 18:18;1;original reliable
20-4-2022 18:19;1;original reliable
20-4-2022 18:20;1;original reliable
20-4-2022 18:21;1;original reliable
20-4-2022 18:22;1;original reliable
20-4-2022 18:23;1;original reliable
20-4-2022 18:24;1;original reliable
20-4-2022 18:25;1;original reliable
20-4-2022 18:26;1;original reliable
20-4-2022 18:27;1;original reliable
20-4-2022 18:28;1;original reliable
20-4-2022 18:29;1;original reliable
20-4-2022 18:30;1;original reliable
20-4-2022 18:31;1;original reliable
20-4-2022 18:32;1;original reliable
20-4-2022 18:33;1;original reliable
20-4-2022 18:34;1;original reliable
20-4-2022 18:35;1;original reliable
20-4-2022 18:36;1;original reliable
20-4-2022 18:37;1;original reliable
20-4-2022 18:38;1;original reliable
20-4-2022 18:39;1;original reliable
20-4-2022 18:40;1;original reliable
20-4-2022 18:41;1;original reliable
20-4-2022 18:42;1;original reliable
20-4-2022 18:43;1;original reliable
20-4-2022 18:44;1;original reliable
20-4-2022 18:45;1;original reliable
20-4-2022 18:46;1;original reliable
20-4-2022 18:47;1;original reliable
20-4-2022 18:48;1;original reliable
20-4-2022 18:49;1;original reliable
20-4-2022 18:50;1;original reliable
20-4-2022 18:51;1;original reliable
20-4-2022 18:52;1;original reliable
20-4-2022 18:53;1;original reliable
20-4-2022 18:54;1;original reliable
20-4-2022 18:55;1;original reliable
20-4-2022 18:56;1;original reliable
20-4-2022 18:57;1;original reliable
20-4-2022 18:58;1;original reliable
20-4-2022 18:59;1;original reliable
20-4-2022 19:00;1;original reliable
20-4-2022 19:01;1;original reliable
20-4-2022 19:02;1;original reliable
20-4-2022 19:03;1;original reliable
20-4-2022 19:04;1;original reliable
20-4-2022 19:05;1;original reliable
20-4-2022 19:06;1;original reliable
20-4-2022 19:07;1;original reliable
20-4-2022 19:08;1;original reliable
20-4-2022 19:09;1;original reliable
20-4-2022 19:10;1;original reliable
20-4-2022 19:11;1;original reliable
20-4-2022 19:12;1;original reliable
20-4-2022 19:13;1;original reliable
20-4-2022 19:14;1;original reliable
20-4-2022 19:15;1;original reliable
20-4-2022 19:16;1;original reliable
20-4-2022 19:17;1;original reliable
20-4-2022 19:18;1;original reliable
20-4-2022 19:19;1;original reliable
20-4-2022 19:20;1;original reliable
20-4-2022 19:21;1;original reliable
20-4-2022 19:22;1;original reliable
20-4-2022 19:23;1;original reliable
20-4-2022 19:24;1;original reliable
20-4-2022 19:25;1;original reliable
20-4-2022 19:26;1;original reliable
20-4-2022 19:27;1;original reliable
20-4-2022 19:28;1;original reliable
20-4-2022 19:29;1;original reliable
20-4-2022 19:30;1;original reliable
20-4-2022 19:31;1;original reliable
20-4-2022 19:32;1;original reliable
20-4-2022 19:33;1;original reliable
20-4-2022 19:34;1;original reliable
20-4-2022 19:35;1;original reliable
20-4-2022 19:36;1;original reliable
20-4-2022 19:37;1;original reliable
20-4-2022 19:38;1;original reliable
20-4-2022 19:39;1;original reliable
20-4-2022 19:40;1;original reliable
20-4-2022 19:41;1;original reliable
20-4-2022 19:42;1;original reliable
20-4-2022 19:43;1;original reliable
20-4-2022 19:44;1;original reliable
20-4-2022 19:45;1;original reliable
20-4-2022 19:46;1;original reliable
20-4-2022 19:47;1;original reliable
20-4-2022 19:48;1;original reliable
20-4-2022 19:49;1;original reliable
20-4-2022 19:50;1;original reliable
20-4-2022 19:51;1;original reliable
20-4-2022 19:52;1;original reliable
20-4-2022 19:53;1;original reliable
20-4-2022 19:54;1;original reliable
20-4-2022 19:55;1;original reliable
20-4-2022 19:56;1;original reliable
20-4-2022 19:57;1;original reliable
20-4-2022 19:58;1;original reliable
20-4-2022 19:59;1;original reliable
20-4-2022 20:00;1;original reliable
20-4-2022 20:01;1;original reliable
20-4-2022 20:02;1;original reliable
20-4-2022 20:03;1;original reliable
20-4-2022 20:04;1;original reliable
20-4-2022 20:05;1;original reliable
20-4-2022 20:06;1;original reliable
20-4-2022 20:07;1;original reliable
20-4-2022 20:08;1;original reliable
20-4-2022 20:09;1;original reliable
20-4-2022 20:10;1;original reliable
20-4-2022 20:11;1;original reliable
20-4-2022 20:12;1;original reliable
20-4-2022 20:13;1;original reliable
20-4-2022 20:14;1;original reliable
20-4-2022 20:15;1;original reliable
20-4-2022 20:16;1;original reliable
20-4-2022 20:17;1;original reliable
20-4-2022 20:18;1;original reliable
20-4-2022 20:19;1;original reliable
20-4-2022 20:20;1;original reliable
20-4-2022 20:21;1;original reliable
20-4-2022 20:22;1;original reliable
20-4-2022 20:23;1;original reliable
20-4-2022 20:24;1;original reliable
20-4-2022 20:25;1;original reliable
20-4-2022 20:26;1;original reliable
20-4-2022 20:27;1;original reliable
20-4-2022 20:28;1;original reliable
20-4-2022 20:29;1;original reliable
20-4-2022 20:30;1;original reliable
20-4-2022 20:31;1;original reliable
20-4-2022 20:32;1;original reliable
20-4-2022 20:33;1;original reliable
20-4-2022 20:34;1;original reliable
20-4-2022 20:35;1;original reliable
20-4-2022 20:36;1;original reliable
20-4-2022 20:37;1;original reliable
20-4-2022 20:38;1;original reliable
20-4-2022 20:39;1;original reliable
20-4-2022 20:40;1;original reliable
20-4-2022 20:41;1;original reliable
20-4-2022 20:42;1;original reliable
20-4-2022 20:43;1;original reliable
20-4-2022 20:44;1;original reliable
20-4-2022 20:45;1;original reliable
20-4-2022 20:46;1;original reliable
20-4-2022 20:47;1;original reliable
20-4-2022 20:48;1;original reliable
20-4-2022 20:49;1;original reliable
20-4-2022 20:50;1;original reliable
20-4-2022 20:51;1;original reliable
20-4-2022 20:52;1;original reliable
20-4-2022 20:53;1;original reliable
20-4-2022 20:54;1;original reliable
20-4-2022 20:55;1;original reliable
20-4-2022 20:56;1;original reliable
20-4-2022 20:57;1;original reliable
20-4-2022 20:58;1;original reliable
20-4-2022 20:59;1;original reliable
20-4-2022 21:00;1;original reliable
20-4-2022 21:01;1;original reliable
20-4-2022 21:02;1;original reliable
20-4-2022 21:03;1;original reliable
20-4-2022 21:04;1;original reliable
20-4-2022 21:05;1;original reliable
20-4-2022 21:06;1;original reliable
20-4-2022 21:07;1;original reliable
20-4-2022 21:08;1;original reliable
20-4-2022 21:09;1;original reliable
20-4-2022 21:10;1;original reliable
20-4-2022 21:11;1;original reliable
20-4-2022 21:12;1;original reliable
20-4-2022 21:13;1;original reliable
20-4-2022 21:14;1;original reliable
20-4-2022 21:15;1;original reliable
20-4-2022 21:16;1;original reliable
20-4-2022 21:17;1;original reliable
20-4-2022 21:18;1;original reliable
20-4-2022 21:19;1;original reliable
20-4-2022 21:20;1;original reliable
20-4-2022 21:21;1;original reliable
20-4-2022 21:22;1;original reliable
20-4-2022 21:23;1;original reliable
20-4-2022 21:24;1;original reliable
20-4-2022 21:25;1;original reliable
20-4-2022 21:26;1;original reliable
20-4-2022 21:27;1;original reliable
20-4-2022 21:28;1;original reliable
20-4-2022 21:29;1;original reliable
20-4-2022 21:30;1;original reliable
20-4-2022 21:31;1;original reliable
20-4-2022 21:32;1;original reliable
20-4-2022 21:33;1;original reliable
20-4-2022 21:34;1;original reliable
20-4-2022 21:35;1;original reliable
20-4-2022 21:36;1;original reliable
20-4-2022 21:37;1;original reliable
20-4-2022 21:38;1;original reliable
20-4-2022 21:39;1;original reliable
20-4-2022 21:40;1;original reliable
20-4-2022 21:41;1;original reliable
20-4-2022 21:42;1;original reliable
20-4-2022 21:43;1;original reliable
20-4-2022 21:44;1;original reliable
20-4-2022 21:45;1;original reliable
20-4-2022 21:46;1;original reliable
20-4-2022 21:47;1;original reliable
20-4-2022 21:48;1;original reliable
20-4-2022 21:49;1;original reliable
20-4-2022 21:50;1;original reliable
20-4-2022 21:51;1;original reliable
20-4-2022 21:52;1;original reliable
20-4-2022 21:53;1;original reliable
20-4-2022 21:54;1;original reliable
20-4-2022 21:55;1;original reliable
20-4-2022 21:56;1;original reliable
20-4-2022 21:57;1;original reliable
20-4-2022 21:58;1;original reliable
20-4-2022 21:59;1;original reliable
20-4-2022 22:00;1;original reliable
20-4-2022 22:01;1;original reliable
20-4-2022 22:02;1;original reliable
20-4-2022 22:03;1;original reliable
20-4-2022 22:04;1;original reliable
20-4-2022 22:05;1;original reliable
20-4-2022 22:06;1;original reliable
20-4-2022 22:07;1;original reliable
20-4-2022 22:08;1;original reliable
20-4-2022 22:09;1;original reliable
20-4-2022 22:10;1;original reliable
20-4-2022 22:11;1;original reliable
20-4-2022 22:12;1;original reliable
20-4-2022 22:13;1;original reliable
20-4-2022 22:14;1;original reliable
20-4-2022 22:15;1;original reliable
20-4-2022 22:16;1;original reliable
20-4-2022 22:17;1;original reliable
20-4-2022 22:18;1;original reliable
20-4-2022 22:19;1;original reliable
20-4-2022 22:20;1;original reliable
20-4-2022 22:21;1;original reliable
20-4-2022 22:22;1;original reliable
20-4-2022 22:23;1;original reliable
20-4-2022 22:24;1;original reliable
20-4-2022 22:25;1;original reliable
20-4-2022 22:26;1;original reliable
20-4-2022 22:27;1;original reliable
20-4-2022 22:28;1;original reliable
20-4-2022 22:29;1;original reliable
20-4-2022 22:30;1;original reliable
20-4-2022 22:31;1;original reliable
20-4-2022 22:32;1;original reliable
20-4-2022 22:33;1;original reliable
20-4-2022 22:34;1;original reliable
20-4-2022 22:35;1;original reliable
20-4-2022 22:36;1;original reliable
20-4-2022 22:37;1;original reliable
20-4-2022 22:38;1;original reliable
20-4-2022 22:39;1;original reliable
20-4-2022 22:40;1;original reliable
20-4-2022 22:41;1;original reliable
20-4-2022 22:42;1;original reliable
20-4-2022 22:43;1;original reliable
20-4-2022 22:44;1;original reliable
20-4-2022 22:45;1;original reliable
20-4-2022 22:46;1;original reliable
20-4-2022 22:47;1;original reliable
20-4-2022 22:48;1;original reliable
20-4-2022 22:49;1;original reliable
20-4-2022 22:50;1;original reliable
20-4-2022 22:51;1;original reliable
20-4-2022 22:52;1;original reliable
20-4-2022 22:53;1;original reliable
20-4-2022 22:54;1;original reliable
20-4-2022 22:55;1;original reliable
20-4-2022 22:56;1;original reliable
20-4-2022 22:57;1;original reliable
20-4-2022 22:58;1;original reliable
20-4-2022 22:59;1;original reliable
20-4-2022 23:00;1;original reliable
20-4-2022 23:01;1;original reliable
20-4-2022 23:02;1;original reliable
20-4-2022 23:03;1;original reliable
20-4-2022 23:04;1;original reliable
20-4-2022 23:05;1;original reliable
20-4-2022 23:06;1;original reliable
20-4-2022 23:07;1;original reliable
20-4-2022 23:08;1;original reliable
20-4-2022 23:09;1;original reliable
20-4-2022 23:10;1;original reliable
20-4-2022 23:11;1;original reliable
20-4-2022 23:12;1;original reliable
20-4-2022 23:13;1;original reliable
20-4-2022 23:14;1;original reliable
20-4-2022 23:15;1;original reliable
20-4-2022 23:16;1;original reliable
20-4-2022 23:17;1;original reliable
20-4-2022 23:18;1;original reliable
20-4-2022 23:19;1;original reliable
20-4-2022 23:20;1;original reliable
20-4-2022 23:21;1;original reliable
20-4-2022 23:22;1;original reliable
20-4-2022 23:23;1;original reliable
20-4-2022 23:24;1;original reliable
20-4-2022 23:25;1;original reliable
20-4-2022 23:26;1;original reliable
20-4-2022 23:27;1;original reliable
20-4-2022 23:28;1;original reliable
20-4-2022 23:29;1;original reliable
20-4-2022 23:30;1;original reliable
20-4-2022 23:31;1;original reliable
20-4-2022 23:32;1;original reliable
20-4-2022 23:33;1;original reliable
20-4-2022 23:34;1;original reliable
20-4-2022 23:35;1;original reliable
20-4-2022 23:36;1;original reliable
20-4-2022 23:37;1;original reliable
20-4-2022 23:38;1;original reliable
20-4-2022 23:39;1;original reliable
20-4-2022 23:40;1;original reliable
20-4-2022 23:41;1;original reliable
20-4-2022 23:42;1;original reliable
20-4-2022 23:43;1;original reliable
20-4-2022 23:44;1;original reliable
20-4-2022 23:45;1;original reliable
20-4-2022 23:46;1;original reliable
20-4-2022 23:47;1;original reliable
20-4-2022 23:48;1;original reliable
20-4-2022 23:49;1;original reliable
20-4-2022 23:50;1;original reliable
20-4-2022 23:51;1;original reliable
20-4-2022 23:52;1;original reliable
20-4-2022 23:53;1;original reliable
20-4-2022 23:54;1;original reliable
20-4-2022 23:55;1;original reliable
20-4-2022 23:56;1;original reliable
20-4-2022 23:57;1;original reliable
20-4-2022 23:58;1;original reliable
20-4-2022 23:59;1;original reliable
21-4-2022 00:00;1;original reliable
21-4-2022 00:01;1;original reliable
21-4-2022 00:02;1;original reliable
21-4-2022 00:03;1;original reliable
21-4-2022 00:04;1;original reliable
21-4-2022 00:05;1;original reliable
21-4-2022 00:06;1;original reliable
21-4-2022 00:07;1;original reliable
21-4-2022 00:08;1;original reliable
21-4-2022 00:09;1;original reliable
21-4-2022 00:10;1;original reliable
21-4-2022 00:11;1;original reliable
21-4-2022 00:12;1;original reliable
21-4-2022 00:13;1;original reliable
21-4-2022 00:14;1;original reliable
21-4-2022 00:15;1;original reliable
21-4-2022 00:16;1;original reliable
21-4-2022 00:17;1;original reliable
21-4-2022 00:18;1;original reliable
21-4-2022 00:19;1;original reliable
21-4-2022 00:20;1;original reliable
21-4-2022 00:21;1;original reliable
21-4-2022 00:22;1;original reliable
21-4-2022 00:23;1;original reliable
21-4-2022 00:24;1;original reliable
21-4-2022 00:25;1;original reliable
21-4-2022 00:26;1;original reliable
21-4-2022 00:27;1;original reliable
21-4-2022 00:28;1;original reliable
21-4-2022 00:29;1;original reliable
21-4-2022 00:30;1;original reliable
21-4-2022 00:31;1;original reliable
21-4-2022 00:32;1;original reliable
21-4-2022 00:33;1;original reliable
21-4-2022 00:34;1;original reliable
21-4-2022 00:35;1;original reliable
21-4-2022 00:36;1;original reliable
21-4-2022 00:37;1;original reliable
21-4-2022 00:38;1;original reliable
21-4-2022 00:39;1;original reliable
21-4-2022 00:40;1;original reliable
21-4-2022 00:41;1;original reliable
21-4-2022 00:42;1;original reliable
21-4-2022 00:43;1;original reliable
21-4-2022 00:44;1;original reliable
21-4-2022 00:45;1;original reliable
21-4-2022 00:46;1;original reliable
21-4-2022 00:47;1;original reliable
21-4-2022 00:48;1;original reliable
21-4-2022 00:49;1;original reliable
21-4-2022 00:50;1;original reliable
21-4-2022 00:51;1;original reliable
21-4-2022 00:52;1;original reliable
21-4-2022 00:53;1;original reliable
21-4-2022 00:54;1;original reliable
21-4-2022 00:55;1;original reliable
21-4-2022 00:56;1;original reliable
21-4-2022 00:57;1;original reliable
21-4-2022 00:58;1;original reliable
21-4-2022 00:59;1;original reliable
21-4-2022 01:00;1;original reliable
21-4-2022 01:01;1;original reliable
21-4-2022 01:02;1;original reliable
21-4-2022 01:03;1;original reliable
21-4-2022 01:04;1;original reliable
21-4-2022 01:05;1;original reliable
21-4-2022 01:06;1;original reliable
21-4-2022 01:07;1;original reliable
21-4-2022 01:08;1;original reliable
21-4-2022 01:09;1;original reliable
21-4-2022 01:10;1;original reliable
21-4-2022 01:11;1;original reliable
21-4-2022 01:12;1;original reliable
21-4-2022 01:13;1;original reliable
21-4-2022 01:14;1;original reliable
21-4-2022 01:15;1;original reliable
21-4-2022 01:16;1;original reliable
21-4-2022 01:17;1;original reliable
21-4-2022 01:18;1;original reliable
21-4-2022 01:19;1;original reliable
21-4-2022 01:20;1;original reliable
21-4-2022 01:21;1;original reliable
21-4-2022 01:22;1;original reliable
21-4-2022 01:23;1;original reliable
21-4-2022 01:24;1;original reliable
21-4-2022 01:25;1;original reliable
21-4-2022 01:26;1;original reliable
21-4-2022 01:27;1;original reliable
21-4-2022 01:28;1;original reliable
21-4-2022 01:29;1;original reliable
21-4-2022 01:30;1;original reliable
21-4-2022 01:31;1;original reliable
21-4-2022 01:32;1;original reliable
21-4-2022 01:33;1;original reliable
21-4-2022 01:34;1;original reliable
21-4-2022 01:35;1;original reliable
21-4-2022 01:36;1;original reliable
21-4-2022 01:37;1;original reliable
21-4-2022 01:38;1;original reliable
21-4-2022 01:39;1;original reliable
21-4-2022 01:40;1;original reliable
21-4-2022 01:41;1;original reliable
21-4-2022 01:42;1;original reliable
21-4-2022 01:43;1;original reliable
21-4-2022 01:44;1;original reliable
21-4-2022 01:45;1;original reliable
21-4-2022 01:46;1;original reliable
21-4-2022 01:47;1;original reliable
21-4-2022 01:48;1;original reliable
21-4-2022 01:49;1;original reliable
21-4-2022 01:50;1;original reliable
21-4-2022 01:51;1;original reliable
21-4-2022 01:52;1;original reliable
21-4-2022 01:53;1;original reliable
21-4-2022 01:54;1;original reliable
21-4-2022 01:55;1;original reliable
21-4-2022 01:56;1;original reliable
21-4-2022 01:57;1;original reliable
21-4-2022 01:58;1;original reliable
21-4-2022 01:59;1;original reliable
21-4-2022 02:00;1;original reliable
21-4-2022 02:01;1;original reliable
21-4-2022 02:02;1;original reliable
21-4-2022 02:03;1;original reliable
21-4-2022 02:04;1;original reliable
21-4-2022 02:05;1;original reliable
21-4-2022 02:06;1;original reliable
21-4-2022 02:07;1;original reliable
21-4-2022 02:08;1;original reliable
21-4-2022 02:09;1;original reliable
21-4-2022 02:10;1;original reliable
21-4-2022 02:11;1;original reliable
21-4-2022 02:12;1;original reliable
21-4-2022 02:13;1;original reliable
21-4-2022 02:14;1;original reliable
21-4-2022 02:15;1;original reliable
21-4-2022 02:16;1;original reliable
21-4-2022 02:17;1;original reliable
21-4-2022 02:18;1;original reliable
21-4-2022 02:19;1;original reliable
21-4-2022 02:20;1;original reliable
21-4-2022 02:21;1;original reliable
21-4-2022 02:22;1;original reliable
21-4-2022 02:23;1;original reliable
21-4-2022 02:24;1;original reliable
21-4-2022 02:25;1;original reliable
21-4-2022 02:26;1;original reliable
21-4-2022 02:27;1;original reliable
21-4-2022 02:28;1;original reliable
21-4-2022 02:29;1;original reliable
21-4-2022 02:30;1;original reliable
21-4-2022 02:31;1;original reliable
21-4-2022 02:32;1;original reliable
21-4-2022 02:33;1;original reliable
21-4-2022 02:34;1;original reliable
21-4-2022 02:35;1;original reliable
21-4-2022 02:36;1;original reliable
21-4-2022 02:37;1;original reliable
21-4-2022 02:38;1;original reliable
21-4-2022 02:39;1;original reliable
21-4-2022 02:40;1;original reliable
21-4-2022 02:41;1;original reliable
21-4-2022 02:42;1;original reliable
21-4-2022 02:43;1;original reliable
21-4-2022 02:44;1;original reliable
21-4-2022 02:45;1;original reliable
21-4-2022 02:46;1;original reliable
21-4-2022 02:47;1;original reliable
21-4-2022 02:48;1;original reliable
21-4-2022 02:49;1;original reliable
21-4-2022 02:50;1;original reliable
21-4-2022 02:51;1;original reliable
21-4-2022 02:52;1;original reliable
21-4-2022 02:53;1;original reliable
21-4-2022 02:54;1;original reliable
21-4-2022 02:55;1;original reliable
21-4-2022 02:56;1;original reliable
21-4-2022 02:57;1;original reliable
21-4-2022 02:58;1;original reliable
21-4-2022 02:59;1;original reliable
21-4-2022 03:00;1;original reliable
21-4-2022 03:01;1;original reliable
21-4-2022 03:02;1;original reliable
21-4-2022 03:03;1;original reliable
21-4-2022 03:04;1;original reliable
21-4-2022 03:05;1;original reliable
21-4-2022 03:06;1;original reliable
21-4-2022 03:07;1;original reliable
21-4-2022 03:08;1;original reliable
21-4-2022 03:09;1;original reliable
21-4-2022 03:10;1;original reliable
21-4-2022 03:11;1;original reliable
21-4-2022 03:12;1;original reliable
21-4-2022 03:13;1;original reliable
21-4-2022 03:14;1;original reliable
21-4-2022 03:15;1;original reliable
21-4-2022 03:16;1;original reliable
21-4-2022 03:17;1;original reliable
21-4-2022 03:18;1;original reliable
21-4-2022 03:19;1;original reliable
21-4-2022 03:20;1;original reliable
21-4-2022 03:21;1;original reliable
21-4-2022 03:22;1;original reliable
21-4-2022 03:23;1;original reliable
21-4-2022 03:24;1;original reliable
21-4-2022 03:25;1;original reliable
21-4-2022 03:26;1;original reliable
21-4-2022 03:27;1;original reliable
21-4-2022 03:28;1;original reliable
21-4-2022 03:29;1;original reliable
21-4-2022 03:30;1;original reliable
21-4-2022 03:31;1;original reliable
21-4-2022 03:32;1;original reliable
21-4-2022 03:33;1;original reliable
21-4-2022 03:34;1;original reliable
21-4-2022 03:35;1;original reliable
21-4-2022 03:36;1;original reliable
21-4-2022 03:37;1;original reliable
21-4-2022 03:38;1;original reliable
21-4-2022 03:39;1;original reliable
21-4-2022 03:40;1;original reliable
21-4-2022 03:41;1;original reliable
21-4-2022 03:42;1;original reliable
21-4-2022 03:43;1;original reliable
21-4-2022 03:44;1;original reliable
21-4-2022 03:45;1;original reliable
21-4-2022 03:46;1;original reliable
21-4-2022 03:47;1;original reliable
21-4-2022 03:48;1;original reliable
21-4-2022 03:49;1;original reliable
21-4-2022 03:50;1;original reliable
21-4-2022 03:51;1;original reliable
21-4-2022 03:52;1;original reliable
21-4-2022 03:53;1;original reliable
21-4-2022 03:54;1;original reliable
21-4-2022 03:55;1;original reliable
21-4-2022 03:56;1;original reliable
21-4-2022 03:57;1;original reliable
21-4-2022 03:58;1;original reliable
21-4-2022 03:59;1;original reliable
21-4-2022 04:00;1;original reliable
21-4-2022 04:01;1;original reliable
21-4-2022 04:02;1;original reliable
21-4-2022 04:03;1;original reliable
21-4-2022 04:04;1;original reliable
21-4-2022 04:05;1;original reliable
21-4-2022 04:06;1;original reliable
21-4-2022 04:07;1;original reliable
21-4-2022 04:08;1;original reliable
21-4-2022 04:09;1;original reliable
21-4-2022 04:10;1;original reliable
21-4-2022 04:11;1;original reliable
21-4-2022 04:12;1;original reliable
21-4-2022 04:13;1;original reliable
21-4-2022 04:14;1;original reliable
21-4-2022 04:15;1;original reliable
21-4-2022 04:16;1;original reliable
21-4-2022 04:17;1;original reliable
21-4-2022 04:18;1;original reliable
21-4-2022 04:19;1;original reliable
21-4-2022 04:20;1;original reliable
21-4-2022 04:21;1;original reliable
21-4-2022 04:22;1;original reliable
21-4-2022 04:23;1;original reliable
21-4-2022 04:24;1;original reliable
21-4-2022 04:25;1;original reliable
21-4-2022 04:26;1;original reliable
21-4-2022 04:27;1;original reliable
21-4-2022 04:28;1;original reliable
21-4-2022 04:29;1;original reliable
21-4-2022 04:30;1;original reliable
21-4-2022 04:31;1;original reliable
21-4-2022 04:32;1;original reliable
21-4-2022 04:33;1;original reliable
21-4-2022 04:34;1;original reliable
21-4-2022 04:35;1;original reliable
21-4-2022 04:36;1;original reliable
21-4-2022 04:37;1;original reliable
21-4-2022 04:38;1;original reliable
21-4-2022 04:39;1;original reliable
21-4-2022 04:40;1;original reliable
21-4-2022 04:41;1;original reliable
21-4-2022 04:42;1;original reliable
21-4-2022 04:43;1;original reliable
21-4-2022 04:44;1;original reliable
21-4-2022 04:45;1;original reliable
21-4-2022 04:46;1;original reliable
21-4-2022 04:47;1;original reliable
21-4-2022 04:48;1;original reliable
21-4-2022 04:49;1;original reliable
21-4-2022 04:50;1;original reliable
21-4-2022 04:51;1;original reliable
21-4-2022 04:52;1;original reliable
21-4-2022 04:53;1;original reliable
21-4-2022 04:54;1;original reliable
21-4-2022 04:55;1;original reliable
21-4-2022 04:56;1;original reliable
21-4-2022 04:57;1;original reliable
21-4-2022 04:58;1;original reliable
21-4-2022 04:59;1;original reliable
21-4-2022 05:00;1;original reliable
21-4-2022 05:01;1;original reliable
21-4-2022 05:02;1;original reliable
21-4-2022 05:03;1;original reliable
21-4-2022 05:04;1;original reliable
21-4-2022 05:05;1;original reliable
21-4-2022 05:06;1;original reliable
21-4-2022 05:07;1;original reliable
21-4-2022 05:08;1;original reliable
21-4-2022 05:09;1;original reliable
21-4-2022 05:10;1;original reliable
21-4-2022 05:11;1;original reliable
21-4-2022 05:12;1;original reliable
21-4-2022 05:13;1;original reliable
21-4-2022 05:14;1;original reliable
21-4-2022 05:15;1;original reliable
21-4-2022 05:16;1;original reliable
21-4-2022 05:17;1;original reliable
21-4-2022 05:18;1;original reliable
21-4-2022 05:19;1;original reliable
21-4-2022 05:20;1;original reliable
21-4-2022 05:21;1;original reliable
21-4-2022 05:22;1;original reliable
21-4-2022 05:23;1;original reliable
21-4-2022 05:24;1;original reliable
21-4-2022 05:25;1;original reliable
21-4-2022 05:26;1;original reliable
21-4-2022 05:27;1;original reliable
21-4-2022 05:28;1;original reliable
21-4-2022 05:29;1;original reliable
21-4-2022 05:30;1;original reliable
21-4-2022 05:31;1;original reliable
21-4-2022 05:32;1;original reliable
21-4-2022 05:33;1;original reliable
21-4-2022 05:34;1;original reliable
21-4-2022 05:35;1;original reliable
21-4-2022 05:36;1;original reliable
21-4-2022 05:37;1;original reliable
21-4-2022 05:38;1;original reliable
21-4-2022 05:39;1;original reliable
21-4-2022 05:40;1;original reliable
21-4-2022 05:41;1;original reliable
21-4-2022 05:42;1;original reliable
21-4-2022 05:43;1;original reliable
21-4-2022 05:44;1;original reliable
21-4-2022 05:45;1;original reliable
21-4-2022 05:46;1;original reliable
21-4-2022 05:47;1;original reliable
21-4-2022 05:48;1;original reliable
21-4-2022 05:49;1;original reliable
21-4-2022 05:50;1;original reliable
21-4-2022 05:51;1;original reliable
21-4-2022 05:52;1;original reliable
21-4-2022 05:53;1;original reliable
21-4-2022 05:54;1;original reliable
21-4-2022 05:55;1;original reliable
21-4-2022 05:56;1;original reliable
21-4-2022 05:57;1;original reliable
21-4-2022 05:58;1;original reliable
21-4-2022 05:59;1;original reliable
21-4-2022 06:00;1;original reliable
21-4-2022 06:01;1;original reliable
21-4-2022 06:02;1;original reliable
21-4-2022 06:03;1;original reliable
21-4-2022 06:04;1;original reliable
21-4-2022 06:05;1;original reliable
21-4-2022 06:06;1;original reliable
21-4-2022 06:07;1;original reliable
21-4-2022 06:08;1;original reliable
21-4-2022 06:09;1;original reliable
21-4-2022 06:10;1;original reliable
21-4-2022 06:11;1;original reliable
21-4-2022 06:12;1;original reliable
21-4-2022 06:13;1;original reliable
21-4-2022 06:14;1;original reliable
21-4-2022 06:15;1;original reliable
21-4-2022 06:16;1;original reliable
21-4-2022 06:17;1;original reliable
21-4-2022 06:18;1;original reliable
21-4-2022 06:19;1;original reliable
21-4-2022 06:20;1;original reliable
21-4-2022 06:21;1;original reliable
21-4-2022 06:22;1;original reliable
21-4-2022 06:23;1;original reliable
21-4-2022 06:24;1;original reliable
21-4-2022 06:25;1;original reliable
21-4-2022 06:26;1;original reliable
21-4-2022 06:27;1;original reliable
21-4-2022 06:28;1;original reliable
21-4-2022 06:29;1;original reliable
21-4-2022 06:30;1;original reliable
21-4-2022 06:31;1;original reliable
21-4-2022 06:32;1;original reliable
21-4-2022 06:33;1;original reliable
21-4-2022 06:34;1;original reliable
21-4-2022 06:35;1;original reliable
21-4-2022 06:36;1;original reliable
21-4-2022 06:37;1;original reliable
21-4-2022 06:38;1;original reliable
21-4-2022 06:39;1;original reliable
21-4-2022 06:40;1;original reliable
21-4-2022 06:41;1;original reliable
21-4-2022 06:42;1;original reliable
21-4-2022 06:43;1;original reliable
21-4-2022 06:44;1;original reliable
21-4-2022 06:45;1;original reliable
21-4-2022 06:46;1;original reliable
21-4-2022 06:47;1;original reliable
21-4-2022 06:48;1;original reliable
21-4-2022 06:49;1;original reliable
21-4-2022 06:50;1;original reliable
21-4-2022 06:51;1;original reliable
21-4-2022 06:52;1;original reliable
21-4-2022 06:53;1;original reliable
21-4-2022 06:54;1;original reliable
21-4-2022 06:55;1;original reliable
21-4-2022 06:56;1;original reliable
21-4-2022 06:57;1;original reliable
21-4-2022 06:58;1;original reliable
21-4-2022 06:59;1;original reliable
21-4-2022 07:00;1;original reliable
21-4-2022 07:01;1;original reliable
21-4-2022 07:02;1;original reliable
21-4-2022 07:03;1;original reliable
21-4-2022 07:04;1;original reliable
21-4-2022 07:05;1;original reliable
21-4-2022 07:06;1;original reliable
21-4-2022 07:07;1;original reliable
21-4-2022 07:08;1;original reliable
21-4-2022 07:09;1;original reliable
21-4-2022 07:10;1;original reliable
21-4-2022 07:11;1;original reliable
21-4-2022 07:12;1;original reliable
21-4-2022 07:13;1;original reliable
21-4-2022 07:14;1;original reliable
21-4-2022 07:15;1;original reliable
21-4-2022 07:16;1;original reliable
21-4-2022 07:17;1;original reliable
21-4-2022 07:18;1;original reliable
21-4-2022 07:19;1;original reliable
21-4-2022 07:20;1;original reliable
21-4-2022 07:21;1;original reliable
21-4-2022 07:22;1;original reliable
21-4-2022 07:23;1;original reliable
21-4-2022 07:24;1;original reliable
21-4-2022 07:25;1;original reliable
21-4-2022 07:26;1;original reliable
21-4-2022 07:27;1;original reliable
21-4-2022 07:28;1;original reliable
21-4-2022 07:29;1;original reliable
21-4-2022 07:30;1;original reliable
21-4-2022 07:31;1;original reliable
21-4-2022 07:32;1;original reliable
21-4-2022 07:33;1;original reliable
21-4-2022 07:34;1;original reliable
21-4-2022 07:35;1;original reliable
21-4-2022 07:36;1;original reliable
21-4-2022 07:37;1;original reliable
21-4-2022 07:38;1;original reliable
21-4-2022 07:39;1;original reliable
21-4-2022 07:40;1;original reliable
21-4-2022 07:41;1;original reliable
21-4-2022 07:42;1;original reliable
21-4-2022 07:43;1;original reliable
21-4-2022 07:44;1;original reliable
21-4-2022 07:45;1;original reliable
21-4-2022 07:46;1;original reliable
21-4-2022 07:47;1;original reliable
21-4-2022 07:48;1;original reliable
21-4-2022 07:49;1;original reliable
21-4-2022 07:50;1;original reliable
21-4-2022 07:51;1;original reliable
21-4-2022 07:52;1;original reliable
21-4-2022 07:53;1;original reliable
21-4-2022 07:54;1;original reliable
21-4-2022 07:55;1;original reliable
21-4-2022 07:56;1;original reliable
21-4-2022 07:57;1;original reliable
21-4-2022 07:58;1;original reliable
21-4-2022 07:59;1;original reliable
21-4-2022 08:00;1;original reliable
21-4-2022 08:01;1;original reliable
21-4-2022 08:02;1;original reliable
21-4-2022 08:03;1;original reliable
21-4-2022 08:04;1;original reliable
21-4-2022 08:05;1;original reliable
21-4-2022 08:06;1;original reliable
21-4-2022 08:07;1;original reliable
21-4-2022 08:08;1;original reliable
21-4-2022 08:09;1;original reliable
21-4-2022 08:10;1;original reliable
21-4-2022 08:11;1;original reliable
21-4-2022 08:12;1;original reliable
21-4-2022 08:13;1;original reliable
21-4-2022 08:14;1;original reliable
21-4-2022 08:15;1;original reliable
21-4-2022 08:16;1;original reliable
21-4-2022 08:17;1;original reliable
21-4-2022 08:18;1;original reliable
21-4-2022 08:19;1;original reliable
21-4-2022 08:20;1;original reliable
21-4-2022 08:21;1;original reliable
21-4-2022 08:22;1;original reliable
21-4-2022 08:23;1;original reliable
21-4-2022 08:24;1;original reliable
21-4-2022 08:25;1;original reliable
21-4-2022 08:26;1;original reliable
21-4-2022 08:27;1;original reliable
21-4-2022 08:28;1;original reliable
21-4-2022 08:29;1;original reliable
21-4-2022 08:30;1;original reliable
21-4-2022 08:31;1;original reliable
21-4-2022 08:32;1;original reliable
21-4-2022 08:33;1;original reliable
21-4-2022 08:34;1;original reliable
21-4-2022 08:35;1;original reliable
21-4-2022 08:36;1;original reliable
21-4-2022 08:37;1;original reliable
21-4-2022 08:38;1;original reliable
21-4-2022 08:39;1;original reliable
21-4-2022 08:40;1;original reliable
21-4-2022 08:41;1;original reliable
21-4-2022 08:42;1;original reliable
21-4-2022 08:43;1;original reliable
21-4-2022 08:44;1;original reliable
21-4-2022 08:45;1;original reliable
21-4-2022 08:46;1;original reliable
21-4-2022 08:47;1;original reliable
21-4-2022 08:48;1;original reliable
21-4-2022 08:49;1;original reliable
21-4-2022 08:50;1;original reliable
21-4-2022 08:51;1;original reliable
21-4-2022 08:52;1;original reliable
21-4-2022 08:53;1;original reliable
21-4-2022 08:54;1;original reliable
21-4-2022 08:55;1;original reliable
21-4-2022 08:56;1;original reliable
21-4-2022 08:57;1;original reliable
21-4-2022 08:58;1;original reliable
21-4-2022 08:59;1;original reliable
